{"stats":{"minecraft:dropped":{"minecraft:feather":5},"minecraft:used":{"minecraft:redstone_torch":19,"minecraft:daylight_detector":4,"minecraft:cherry_door":4,"minecraft:spruce_door":1,"minecraft:redstone":6550,"minecraft:quartz_block":69,"minecraft:mangrove_planks":228,"minecraft:oak_sign":1,"minecraft:green_wool":3,"minecraft:blue_wool":2,"minecraft:spruce_planks":108,"minecraft:redstone_block":1,"minecraft:parrot_spawn_egg":217,"minecraft:yellow_wool":1,"minecraft:birch_trapdoor":24,"minecraft:redstone_lamp":10,"minecraft:diamond_sword":3,"minecraft:repeater":223,"minecraft:rabbit_spawn_egg":15,"minecraft:magenta_wool":1,"minecraft:red_bed":1,"minecraft:magenta_bed":1,"minecraft:light_blue_wool":2,"minecraft:pink_stained_glass":27,"minecraft:stripped_cherry_log":18,"minecraft:gray_wool":1,"minecraft:cherry_log":44,"minecraft:cyan_wool":3,"minecraft:axolotl_bucket":42,"minecraft:spruce_log":17,"minecraft:purple_wool":1},"minecraft:custom":{"minecraft:time_since_rest":109756,"minecraft:sprint_one_cm":41318,"minecraft:walk_one_cm":112563,"minecraft:mob_kills":1,"minecraft:drop":5,"minecraft:damage_dealt":150,"minecraft:talked_to_villager":1,"minecraft:fly_one_cm":2747812,"minecraft:crouch_one_cm":4137,"minecraft:play_time":198200,"minecraft:deaths":4,"minecraft:sneak_time":7862,"minecraft:walk_under_water_one_cm":1937,"minecraft:jump":356,"minecraft:leave_game":4,"minecraft:time_since_death":109732,"minecraft:walk_on_water_one_cm":3808,"minecraft:total_world_time":198200},"minecraft:killed":{"minecraft:axolotl":1},"minecraft:picked_up":{"minecraft:feather":39,"minecraft:redstone":3,"minecraft:cherry_door":2}},"DataVersion":3465}