{"stats":{"minecraft:used":{"minecraft:redstone_torch":56,"minecraft:moss_block":9,"minecraft:cherry_sapling":4,"minecraft:water_bucket":20,"minecraft:mossy_stone_bricks":33,"minecraft:lever":3,"minecraft:cherry_wood":1,"minecraft:pink_tulip":24,"minecraft:oxeye_daisy":21,"minecraft:cherry_door":1,"minecraft:white_tulip":11,"minecraft:snow_block":167,"minecraft:red_wool":2,"minecraft:iron_block":36,"minecraft:grass_block":2,"minecraft:spruce_slab":58,"minecraft:cherry_slab":59,"minecraft:redstone":14103,"minecraft:lime_wool":3,"minecraft:warped_slab":8,"minecraft:oak_sign":2,"minecraft:green_wool":2,"minecraft:blue_wool":1,"minecraft:stone":94,"minecraft:cherry_leaves":45,"minecraft:gravel":9,"minecraft:pink_wool":3,"minecraft:spruce_fence_gate":3,"minecraft:stone_bricks":56,"minecraft:soul_lantern":11,"minecraft:cracked_stone_bricks":3,"minecraft:pink_petals":117,"minecraft:glow_berries":16,"minecraft:mossy_cobblestone":7,"minecraft:repeater":1032,"minecraft:redstone_lamp":43,"minecraft:cherry_stairs":103,"minecraft:magenta_wool":3,"minecraft:hay_block":49,"minecraft:tnt":2,"minecraft:allium":17,"minecraft:blue_stained_glass":9,"minecraft:chain":4,"minecraft:dark_oak_fence":4,"minecraft:bucket":16,"minecraft:spruce_stairs":62,"minecraft:cobblestone_wall":6,"minecraft:campfire":16,"minecraft:orange_wool":6,"minecraft:dark_oak_fence_gate":6,"minecraft:stripped_cherry_wood":109,"minecraft:cyan_wool":3,"minecraft:gray_wool":8,"minecraft:cherry_log":112,"minecraft:bone_meal":29,"minecraft:smooth_stone":3,"minecraft:stripped_spruce_log":102},"minecraft:custom":{"minecraft:time_since_rest":245379,"minecraft:sprint_one_cm":117166,"minecraft:walk_one_cm":592800,"minecraft:damage_dealt":101,"minecraft:fly_one_cm":4724202,"minecraft:crouch_one_cm":3577,"minecraft:play_time":363103,"minecraft:deaths":4,"minecraft:sneak_time":13800,"minecraft:walk_under_water_one_cm":1633,"minecraft:jump":838,"minecraft:walk_on_water_one_cm":367,"minecraft:leave_game":2,"minecraft:time_since_death":245338,"minecraft:total_world_time":363103},"minecraft:picked_up":{"minecraft:repeater":3,"minecraft:redstone":20,"minecraft:lever":4,"minecraft:iron_block":1,"minecraft:redstone_torch":54,"minecraft:green_wool":1,"minecraft:cyan_wool":1}},"DataVersion":3465}