{"stats":{"minecraft:dropped":{"minecraft:lever":1,"minecraft:redstone":46},"minecraft:custom":{"minecraft:jump":17,"minecraft:time_since_rest":1566810,"minecraft:leave_game":4,"minecraft:play_time":1566810,"minecraft:sprint_one_cm":3446,"minecraft:time_since_death":1566810,"minecraft:walk_one_cm":7102,"minecraft:sneak_time":1403,"minecraft:total_world_time":1574980,"minecraft:drop":3,"minecraft:fly_one_cm":325059},"minecraft:used":{"minecraft:redstone":9,"minecraft:lever":6}},"DataVersion":3690}