{"stats":{"minecraft:picked_up":{"minecraft:charcoal":7,"minecraft:redstone_block":1,"minecraft:repeater":111,"minecraft:sticky_piston":1,"minecraft:oak_sign":2,"minecraft:comparator":11,"minecraft:smooth_stone":2,"minecraft:redstone_torch":129,"minecraft:chest":1,"minecraft:piston":1,"minecraft:spruce_log":62,"minecraft:redstone":690,"minecraft:red_stained_glass":1,"minecraft:lever":21,"minecraft:oak_button":7598},"minecraft:dropped":{"minecraft:piston":1,"minecraft:lever":1,"minecraft:sticky_piston":1,"minecraft:comparator":1,"minecraft:red_wool":1,"minecraft:red_stained_glass":1,"minecraft:oak_button":896,"minecraft:repeater":2,"minecraft:chest":1,"minecraft:redstone_torch":2,"minecraft:smooth_stone":2,"minecraft:redstone_block":1,"minecraft:redstone":2},"minecraft:used":{"minecraft:red_stained_glass":44,"minecraft:redstone":18756,"minecraft:lime_wool":6083,"minecraft:mangrove_planks":5,"minecraft:bamboo_sign":3,"minecraft:oak_sign":33,"minecraft:blue_wool":1953,"minecraft:chest":7,"minecraft:redstone_block":4,"minecraft:magenta_stained_glass":141,"minecraft:glow_ink_sac":3,"minecraft:orange_stained_glass":8,"minecraft:target":33,"minecraft:comparator":102,"minecraft:blue_stained_glass":20,"minecraft:light_blue_wool":786,"minecraft:smooth_red_sandstone":72,"minecraft:cobblestone_wall":303,"minecraft:orange_wool":6344,"minecraft:note_block":33,"minecraft:stone_brick_wall":76,"minecraft:cyan_wool":4878,"minecraft:axolotl_bucket":12,"minecraft:oak_fence_gate":12,"minecraft:cyan_stained_glass":51,"minecraft:redstone_torch":983,"minecraft:sticky_piston":53,"minecraft:piston":1,"minecraft:waxed_oxidized_copper":2,"minecraft:lever":707,"minecraft:black_wool":3697,"minecraft:crying_obsidian":71,"minecraft:red_wool":6811,"minecraft:yellow_stained_glass":59,"minecraft:iron_block":743,"minecraft:grass_block":4,"minecraft:brown_wool":890,"minecraft:oak_button":5,"minecraft:brown_stained_glass":2,"minecraft:green_wool":928,"minecraft:pink_wool":238,"minecraft:barrel":9,"minecraft:yellow_wool":2368,"minecraft:light_gray_wool":218,"minecraft:smooth_red_sandstone_slab":92,"minecraft:repeater":3630,"minecraft:redstone_lamp":58,"minecraft:black_stained_glass":176,"minecraft:magenta_wool":5095,"minecraft:furnace":1,"minecraft:lime_stained_glass":59,"minecraft:gray_wool":2478,"minecraft:observer":93,"minecraft:smooth_stone":572,"minecraft:waxed_copper_bulb":435,"minecraft:purple_wool":2180},"minecraft:custom":{"minecraft:interact_with_furnace":13,"minecraft:tune_noteblock":21,"minecraft:open_barrel":13,"minecraft:leave_game":51,"minecraft:time_since_death":9713307,"minecraft:time_since_rest":9713341,"minecraft:sprint_one_cm":108555,"minecraft:walk_one_cm":427169,"minecraft:drop":30,"minecraft:damage_dealt":20,"minecraft:swim_one_cm":668,"minecraft:fly_one_cm":49666128,"minecraft:open_chest":11,"minecraft:crouch_one_cm":20681,"minecraft:play_time":11406038,"minecraft:deaths":3,"minecraft:sneak_time":499385,"minecraft:walk_under_water_one_cm":1558,"minecraft:jump":1771,"minecraft:walk_on_water_one_cm":424,"minecraft:total_world_time":11816547}},"DataVersion":3688}